{
   "EX_cpd00132_e0": 20.397416611981807,
   "EX_cps_bt_e0": 0.4057232859414142,
   "EX_cpd00063_e0": 0.4057232859414142,
   "EX_cpd00028_e0": 0.4057232859414142,
   "EX_cpd00264_e0": 0.4057232859414142,
   "EX_cpd00305_e0": 0.4057232859414142,
   "EX_pe_cer1_bt_e0": 0.4057232859414142,
   "EX_cpd00971_e0": 0.4057232859413489,
   "EX_cpd00149_e0": 0.4057232859414142,
   "EX_cpd00218_e0": 0.8114465718827791,
   "EX_cpd00182_e0": 18.85578980763986,
   "EX_cpd00034_e0": 0.4057232859414142,
   "EX_cpd00009_e0": 144.59828415658433,
   "EX_cpd00166_e0": 0.4057232859414142,
   "EX_cpd00322_e0": 37.51480208324873,
   "EX_phearg_e0": 25.056107298884076,
   "EX_cpd00221_e0": 1000.0,
   "EX_cpd00311_e0": 20.216892347864345,
   "EX_sphmyln_bt_e0": 0.4057232859414142,
   "EX_hspg_degr_6_e0": 538.8005485633129,
   "EX_cpd00060_e0": 13.385739464709793,
   "EX_cpd00129_e0": 18.724286094764107,
   "EX_cpd15500_e0": 0.4057232859412352,
   "EX_cpd00220_e0": 0.8114465718828284,
   "EX_cpd00039_e0": 28.990788780153963,
   "EX_cpd00644_e0": 0.8114465718828486,
   "EX_pect_e0": 5.1282051282051295,
   "EX_cpd00393_e0": 1.217169857824244,
   "EX_leuleu_e0": 25.541619354425794,
   "EX_cpd00367_e0": 584.5822682358495,
   "EX_cpd00254_e0": 0.4057232859414142,
   "EX_cpd00205_e0": 0.4057232859414142,
   "EX_cpd00069_e0": 893.6709316093614,
   "EX_cpd00363_e0": 788.2716183689107,
   "EX_chtbs_e0": 8.037632088842805,
   "EX_cpd00263_e0": 0.4057232859414142,
   "EX_cpd00104_e0": 0.4057232859414142,
   "EX_cpd00161_e0": 233.16618121923193,
   "EX_cpd00001_e0": 85.63872921546856,
   "EX_lps_bt_e0": 1.690513691422559,
   "EX_cpd00030_e0": 0.4057232859414142,
   "EX_cpd00084_e0": 8.545220775624715,
   "EX_cpd00020_e0": 360.7496829759641,
   "EX_cpd10515_e0": 0.8114465718828284,
   "EX_cpd00156_e0": 46.880334849600736,
   "EX_cpd00065_e0": 4.7940186980871,
   "EX_cpd00119_e0": 172.47143782902998,
   "EX_cpd00007_e0": 1000.0
}