{
   "EX_cpd00080_e0": 1000.0,
   "EX_cpd00355_e0": 0.1720700314342638,
   "EX_cpd00166_e0": 0.016837041250475034,
   "EX_cpd00359_e0": 1000.0,
   "EX_cpd00438_e0": 15.334995965105044,
   "EX_cpd00277_e0": 806.1694014847092,
   "EX_cpd00039_e0": 25.176133322369505,
   "EX_cpd00644_e0": 0.04348939802810926,
   "EX_cpd00367_e0": 11.73443622002838,
   "EX_cpd00107_e0": 33.053301545069324,
   "EX_cpd00042_e0": 39.0683534073916,
   "EX_cpd00205_e0": 14.020045694173584,
   "EX_cpd00066_e0": 13.592022434761283,
   "EX_cpd00069_e0": 10.116796718721531,
   "EX_cpd00363_e0": 167.9176370065409,
   "EX_cpd11574_e0": 0.0015855509697756758,
   "EX_cpd00244_e0": 0.02317924512957774,
   "EX_cpd00264_e0": 0.5091883685793885,
   "EX_cpd15432_e0": 0.6154202835543588,
   "EX_cpd00305_e0": 0.016837041250475034,
   "EX_cpd00532_e0": 913.3636074507032,
   "EX_cpd00149_e0": 0.0018120582511722012,
   "EX_cpd00666_e0": 1000.0,
   "EX_cpd00184_e0": 1.872837705013602,
   "EX_tartr-D-e_e0": 560.6436312403458,
   "EX_cpd00099_e0": 0.3738880191585308,
   "EX_cpd00060_e0": 11.191045251958116,
   "EX_cpd00248_e0": 0.0673481650019002,
   "EX_cpd00254_e0": 0.6231215311218407,
   "EX_cpd00104_e0": 0.0001510048542643501,
   "EX_cpd30760_e0": 0.05088863588708598,
   "EX_cpd00024_e0": 1000.0,
   "EX_cpd00811_e0": 1000.0,
   "EX_cpd10515_e0": 1.1554891448309277,
   "EX_cpd00156_e0": 31.045389997916264,
   "EX_cpd02027_e0": 0.10102224750285044,
   "EX_4abzglu-e_e0": 0.06734816500190013,
   "EX_cpd00048_e0": 0.31152301434735424,
   "EX_cpd00132_e0": 17.685084512023625,
   "EX_cpd00118_e0": 2.511965750687464,
   "EX_cpd00063_e0": 0.3738880191585308,
   "EX_cpd00322_e0": 21.314788193975808,
   "EX_cpd00129_e0": 16.217770343136934,
   "EX_cpd00079_e0": 64.29741393118606,
   "EX_cpd00030_e0": 0.049680597052971176,
   "EX_cpd03726_e0": 0.016837041250475034,
   "EX_cpd00412_e0": 10.577965543644856,
   "EX_cpd00054_e0": 23.146854588338034,
   "EX_cpd00119_e0": 6.950451432079506,
   "EX_cpd00161_e0": 185.76677573542054,
   "EX_cpd00288_e0": 4.164260866047982,
   "EX_cpd00034_e0": 0.024462786390824717,
   "EX_cpd00209_e0": 11.369608492167387,
   "EX_cpd00051_e0": 21.70090760632975,
   "EX_cpd00023_e0": 1000.0,
   "EX_cpd00541_e0": 0.00022650728139652515,
   "EX_cpd01092_e0": 995.6868483476389,
   "EX_cpd15386_e0": 2.0821304330239916,
   "EX_cpd00100_e0": 148.52795936464992,
   "EX_cpd00007_e0": 543.3309184336201
}