{
   "EX_cpd00235_e0": 500.0,
   "EX_cpd00393_e0": 1.5301235545869818,
   "EX_cpd00084_e0": 15.370338916190072,
   "EX_cpd00118_e0": 0.5100411848623272,
   "EX_cpd00030_e0": 0.5100411848623272,
   "EX_cpd00051_e0": 44.839060294316546,
   "EX_cpd00122_e0": 609.3884531893465,
   "EX_cpd00132_e0": 36.502556304578995,
   "EX_cpd00100_e0": 1000.0,
   "EX_cpd00067_e0": 1000.0,
   "EX_cpd00130_e0": 1000.0,
   "EX_cpd00644_e0": 1.0200823697246548,
   "EX_cpd00609_e0": 667.7983902281392,
   "EX_cpd00215_e0": 0.5100411848623272,
   "EX_cpd00136_e0": 0.5100411848623272,
   "EX_cpd00107_e0": 68.22983362474518,
   "EX_cpd00007_e0": 1.6576338508025634,
   "EX_cpd00307_e0": 295.06634588090606,
   "EX_cpd00794_e0": 18.183480216335894,
   "EX_cpd00017_e0": 759.7111745875143,
   "EX_cpd00034_e0": 0.5100411848623272,
   "EX_cpd00156_e0": 64.02111316390668,
   "EX_cpd00137_e0": 1000.0,
   "EX_cpd10515_e0": 1.5301235545869816,
   "EX_cpd00048_e0": 0.5100411848623272,
   "EX_cpd00013_e0": 245.33484034322794,
   "EX_cpd00205_e0": 0.5100411848623272,
   "EX_cpd00039_e0": 51.88057337302678,
   "EX_cpd00149_e0": 0.5100411848623272,
   "EX_cpd00028_e0": 0.5100411848623272,
   "EX_cpd00322_e0": 43.948754042985364,
   "EX_cpd00001_e0": 1000.0,
   "EX_cpd00314_e0": 1000.0,
   "EX_cpd00069_e0": 21.933908555522958,
   "EX_cpd00280_e0": 807.4659048042424,
   "EX_cpd01080_e0": 45.287263435254744,
   "EX_cpd00066_e0": 28.085115382902178,
   "EX_cpd00654_e0": 743.0630743167015,
   "EX_cpd03847_e0": 4.545870054083974,
   "EX_cpd00224_e0": 350.790730612641,
   "EX_cpd00023_e0": 1000.0,
   "EX_cpd00099_e0": 0.5100411848623272,
   "EX_cpd00053_e0": 600.989245664815,
   "EX_cpd15560_e0": 832.6072503963056,
   "EX_cpd00254_e0": 0.5100411848623272,
   "EX_cpd00793_e0": 0.5100411848623272,
   "EX_cpd00065_e0": 8.57931478555513,
   "EX_cpd00355_e0": 1000.0,
   "EX_cpd00264_e0": 0.5100411848623272,
   "EX_cpd00058_e0": 0.5100411848623272,
   "EX_cpd00119_e0": 14.40677388517749,
   "EX_cpd00104_e0": 0.5100411848623272,
   "EX_cpd00063_e0": 0.5100411848623272,
   "EX_cpd00220_e0": 1.5301235545869076
}