{
   "EX_glypro_e0": 31.36205086489354,
   "EX_cpd00166_e0": 0.3354022553749225,
   "EX_sphmyln_bt_e0": 0.3354022553749225,
   "EX_cpd00030_e0": 0.38505156095848536,
   "EX_cpd00161_e0": 1000.0,
   "EX_cpd00220_e0": 0.670804510749845,
   "EX_4abzglu-e_e0": 0.04806857515977359,
   "EX_cpd00363_e0": 1000.0,
   "EX_cpd00024_e0": 1000.0,
   "EX_alathr_e0": 17.722143592164684,
   "EX_hspg_degr_6_e0": 509.197336268052,
   "EX_glyglu_e0": 21.264704174642134,
   "EX_lps_bt_e0": 1.3975093973955104,
   "EX_cpd11658_e0": 7.980071722522309,
   "EX_cpd00051_e0": 21.253064250612486,
   "EX_cpd00355_e0": 0.16367745024482597,
   "EX_cpd00039_e0": 48.622621173311735,
   "EX_cpd00023_e0": 1000.0,
   "EX_cpd00063_e0": 0.7093887033668831,
   "EX_cpd00263_e0": 0.3354022553749225,
   "EX_leuleu_e0": 37.300316181698065,
   "EX_cpd00359_e0": 1000.0,
   "EX_cpd00322_e0": 51.88754801226557,
   "EX_cpd08928_e0": 18.227761773628526,
   "EX_cpd00438_e0": 481.3101608099281,
   "EX_cpd00218_e0": 0.6708045107500311,
   "EX_cpd00532_e0": 1000.0,
   "EX_cpd11591_e0": 11.06568777758806,
   "EX_cpd00071_e0": 386.73807965873095,
   "EX_cpd00205_e0": 14.360289237679389,
   "EX_cpd00048_e0": 0.3116912990180835,
   "EX_cpd00264_e0": 0.3354022553749225,
   "EX_cpd00244_e0": 0.023207996676542407,
   "EX_cpd10515_e0": 1000.0,
   "EX_cpd00971_e0": 0.33540225537492946,
   "EX_cpd00100_e0": 667.4927358996067,
   "EX_cpd00254_e0": 0.9587130020281901,
   "EX_cpd02027_e0": 0.0320457167731405,
   "EX_cpd11574_e0": 0.0005029596802965847,
   "EX_cpd00811_e0": 1000.0,
   "EX_cpd15386_e0": 1.9966062280116423,
   "EX_cps_bt_e0": 0.3354022553749225,
   "EX_cpd00069_e0": 19.55406645057062,
   "EX_cpd00132_e0": 26.862358010810844,
   "EX_cpd00184_e0": 3.5687863372358666,
   "EX_cpd00054_e0": 25.495457302531275,
   "EX_cpd00034_e0": 0.35990357694365616,
   "EX_cpd00149_e0": 0.33719853994741034,
   "EX_cpd00383_e0": 0.016022858386577354,
   "EX_cpd00654_e0": 75.64125594193005,
   "EX_cpd00367_e0": 20.86600085093281,
   "EX_glyasn_e0": 7.319859632888544,
   "EX_cpd00412_e0": 22.12138821295309,
   "EX_cpd00042_e0": 38.073185581856784,
   "EX_phearg_e0": 34.332387033959364,
   "EX_cpd00288_e0": 3.9932124560232847,
   "EX_cpd00080_e0": 1000.0,
   "EX_cpd00028_e0": 0.3354022553749225,
   "EX_cpd00104_e0": 0.3355459581407215,
   "EX_pect_e0": 5.128205128205128,
   "EX_cpd00644_e0": 0.7192323428235055,
   "EX_alaglu_e0": 24.852387425580616,
   "EX_cpd15500_e0": 0.3354022553738787,
   "EX_cpd30760_e0": 31.156990029901408,
   "EX_cpd00393_e0": 1.0062067661247676,
   "EX_cpd00156_e0": 69.15968639333059,
   "EX_cpd01092_e0": 871.5749468872983,
   "EX_cpd00209_e0": 386.7017685455758,
   "EX_cpd00305_e0": 0.3514251137615137,
   "EX_cpd00277_e0": 34.18911537645776,
   "EX_tartr-D-e_e0": 682.9745175968262,
   "EX_cpd03586_e0": 1.3979405056929075,
   "EX_cpd00060_e0": 11.026528773907867,
   "EX_chtbs_e0": 6.6445284850152815,
   "EX_cpd00119_e0": 13.462146951435486,
   "EX_cpd00099_e0": 0.3739864479919605,
   "EX_cpd00007_e0": 1000.0,
   "EX_cpd00550_e0": 25.526353397178067,
   "EX_pe_cer1_bt_e0": 0.3354022553749225
}